Model,MSE,RMSE,MAE,R2 Score,Training Time (s),Strategy type,Preprocessing time
LSTM,9.046670168030147,3.0077683035816016,2.35427663941761,-0.000115429469140782,34.3233,mean_imp,0.8511950969696045
GRU,9.052675690588933,3.008766473255931,2.340408905612824,-0.0007793439991845563,31.1771,mean_imp,0.8511950969696045
