Model,MSE,RMSE,MAE,R2 Score,Training Time (s),Strategy type,Preprocessing time
LSTM,4.533316258187663,2.1291585798591104,1.5790708760308807,0.4988004448319203,5.7195,mean_imp,0.12358593940734863
GRU,4.4121582892401126,2.100513815531836,1.564062487996579,0.5121955659051316,6.3848,mean_imp,0.12358593940734863
