Model,MSE,RMSE,R2 Score,Training Time (s),Strategy type,Preprocessing time
Linear Regression,4.414570349472963,2.101087896655674,0.5119288905957353,6.5401,mice_imp,38616.529044151306
Ridge Regression,4.414481994959731,2.1010668706539852,0.5119386589948954,1.2756,mice_imp,38616.529044151306
Lasso Regression,5.705086255265835,2.388532238690915,0.36925055952793995,3.8431,mice_imp,38616.529044151306
Decision Tree,6.759648637198136,2.599932429352374,0.2526590475709155,117.8392,mice_imp,38616.529044151306
Random Forest,3.1496236789718965,1.774717915323981,0.6517803089523129,354.2673,mice_imp,38616.529044151306
Gradient Boosting,4.174874199316877,2.043250889958665,0.5384294912579444,1851.5483,mice_imp,38616.529044151306
Hist Gradient Boosting,3.8446910142524486,1.9607883654929332,0.5749342608467377,735.4472,mice_imp,38616.529044151306
XGBoost,3.59614623669071,1.8963507683682126,0.6024131581613261,166.5946,mice_imp,38616.529044151306
