Model,MSE,RMSE,R2 Score,Training Time (s),Strategy type,Preprocessing time
Linear Regression,4.454146128602438,2.1104848089011297,0.5075534264177624,3.4037,ffill_bfill_imp,0.9819111824035645
Ridge Regression,4.454145826462688,2.110484737320478,0.5075534598220737,0.7773,ffill_bfill_imp,0.9819111824035645
Lasso Regression,4.836624597151479,2.199232729192497,0.4652669351649359,1.7878,ffill_bfill_imp,0.9819111824035645
Decision Tree,6.034939697782799,2.4566114258837923,0.3327822459922205,49.9886,ffill_bfill_imp,0.9819111824035645
Random Forest,2.801390820134116,1.6737355884769005,0.6902806349838746,214.601,ffill_bfill_imp,0.9819111824035645
Gradient Boosting,4.174198747823873,2.0430855948353885,0.5385041685953615,594.245,ffill_bfill_imp,0.9819111824035645
Hist Gradient Boosting,3.7467701238564257,1.935657543021602,0.585760310456559,279.4147,ffill_bfill_imp,0.9819111824035645
XGBoost,3.349959054502551,1.8302893362806196,0.6296314017546193,66.9344,ffill_bfill_imp,0.9819111824035645
