Model,MSE,RMSE,MAE,R2 Score,Training Time (s),Strategy type,Preprocessing time
LSTM,4.366242263337229,2.0895555181275345,1.5580204789892054,0.5172720023253894,51.3851,mean_imp,0.22227787971496582
GRU,4.372477676760296,2.0910470288255825,1.5360369334391257,0.516582620368354,50.2054,mean_imp,0.22227787971496582
