Model,MSE,RMSE,R2 Score,Training Time (s),Strategy type,Preprocessing time
Linear Regression,4.454146128602436,2.110484808901129,0.5075534264177625,1.0866,linear_interp_imp,1.1175239086151123
Ridge Regression,4.4541458264627645,2.1104847373204962,0.5075534598220652,0.2117,linear_interp_imp,1.1175239086151123
Lasso Regression,4.836624597151479,2.199232729192497,0.4652669351649359,0.3479,linear_interp_imp,1.1175239086151123
Decision Tree,6.08176366332439,2.466123205219964,0.3276054285446698,30.3504,linear_interp_imp,1.1175239086151123
Random Forest,2.8006809445979015,1.673523511815087,0.6903591182139674,375.2456,linear_interp_imp,1.1175239086151123
Gradient Boosting,4.174198747823873,2.0430855948353885,0.5385041685953615,363.6901,linear_interp_imp,1.1175239086151123
Hist Gradient Boosting,3.7467701238564257,1.935657543021602,0.585760310456559,5.5923,linear_interp_imp,1.1175239086151123
XGBoost,3.3232855875186855,1.8229880930819833,0.6325803973740973,2.7922,linear_interp_imp,1.1175239086151123
