Model,MSE,RMSE,MAE,R2 Score,Training Time (s),Strategy type,Preprocessing time
LSTM,3.5473083258490417,1.8834299365384,1.408840581416882,0.6078126356729543,1536.9261,median_imp,2.9859542846679688
GRU,3.5817812655577668,1.892559448354996,1.4129237037707714,0.6040013370422568,1423.7599,median_imp,2.9859542846679688
