Model,MSE,RMSE,R2 Score,Training Time (s),Strategy type,Preprocessing time
Linear Regression,4.479340540600088,2.1164452604780704,0.5047679538482858,3.49,knn_imp,121772.3934109211
Ridge Regression,4.4793302286504195,2.1164428243282214,0.5047690939285918,3.738,knn_imp,121772.3934109211
Lasso Regression,5.756975497523989,2.399369812580793,0.3635137294334535,1.9774,knn_imp,121772.3934109211
Decision Tree,6.8872701595819805,2.624360904978959,0.23854932157658848,58.4082,knn_imp,121772.3934109211
Random Forest,3.230687701991244,1.7974113891903667,0.6428179401336691,228.0124,knn_imp,121772.3934109211
Gradient Boosting,4.229767606647268,2.056639882586951,0.5323605232511434,769.9203,knn_imp,121772.3934109211
Hist Gradient Boosting,3.9030702122915146,1.9756189441011935,0.568479906810572,266.7831,knn_imp,121772.3934109211
XGBoost,3.677418303362651,1.9176595900635365,0.5934277882149877,66.1993,knn_imp,121772.3934109211
