Model,MSE,RMSE,R2 Score,Training Time (s),Strategy type,Preprocessing time
Linear Regression,8.088947046647416,2.844107425300144,0.10569295618068753,7.3615,lstm_imp,1263.5636966228485
Ridge Regression,7.688773277374623,2.7728637322044194,0.14993582469602917,14.5809,lstm_imp,1263.5636966228485
Lasso Regression,8.874274796905118,2.978972104083071,0.01886779405364336,232.9126,lstm_imp,1263.5636966228485
Decision Tree,8.367069622952403,2.892588740722124,0.07494396281970206,236.3656,lstm_imp,1263.5636966228485
Random Forest,3.918440161798723,1.9795050294956875,0.5667806183830207,595.2771,lstm_imp,1263.5636966228485
Gradient Boosting,5.496073190316747,2.34437053178817,0.3923588646208389,3483.1108,lstm_imp,1263.5636966228485
Hist Gradient Boosting,5.073550133475554,2.2524542466997093,0.4390726511903478,1087.8724,lstm_imp,1263.5636966228485
XGBoost,4.749591513948912,2.1793557566283006,0.47488923815499284,323.0308,lstm_imp,1263.5636966228485
