Model,MSE,RMSE,MAE,R2 Score,Training Time (s),Strategy type,Preprocessing time
LSTM,3.8245663237447856,1.9556498469165653,1.463035131946591,0.5771592293589431,9616.5144,mean_imp,0.8581840991973877
GRU,3.2756117659624318,1.809865123693595,1.3494254826953933,0.6378511741733117,7239.3606,mean_imp,0.8581840991973877
