Model,MSE,RMSE,R2 Score,Training Time (s)
XGBoost,3.4877900014603407,1.8675625830103635,0.6143929305407763,3.8273
Gradient Boosting,4.125832365326559,2.031214505001025,0.5438515143378874,425.6323
Ridge Regression,4.413909910868976,2.100930724909552,0.5120019081210262,0.3831
Linear Regression,4.41391096471436,2.100930975713948,0.5120017916087849,2.0828
Lasso Regression,5.7438514538475305,2.3966333582439203,0.36496471243971684,0.3954
Decision Tree,6.372196864849598,2.524321070079953,0.2954953830238948,46.4675
