Model,MSE,RMSE,R2 Score,Training Time (s)
XGBoost,3.4877900014603407,1.8675625830103635,0.6143929305407763,3.2892
Gradient Boosting,4.125832365326557,2.0312145050010244,0.5438515143378876,411.4386
Ridge Regression,4.413909910868923,2.1009307249095395,0.5120019081210321,0.2645
Linear Regression,4.41391096471436,2.100930975713948,0.5120017916087849,1.6221
Lasso Regression,5.743851453847531,2.3966333582439203,0.3649647124397166,0.3185
Decision Tree,6.334269171021042,2.51679740365033,0.2996886363053287,37.8543
